동구,중앙동
동구,신인동
동구,효 동
동구,판암1동
동구,판암2동
동구,용운동
동구,대동
동구,자양동
동구,가양1동
동구,가양2동
동구,용전동
동구,성남동
동구,홍도동
동구,삼성동
동구,대청동
동구,산내동
중구,은행선화동
중구,목동
중구,중촌동
중구,대흥동
중구,문창동
중구,석교동
중구,대사동
중구,부사동
중구,용두동
중구,오류동
중구,태평1동
중구,태평2동
중구,유천1동
중구,유천2동
중구,문화1동
중구,문화2동
중구,산성동
서구,복수동
서구,도마1동
서구,도마2동
서구,정림동
서구,변동
서구,용문동
서구,탄방동
서구,둔산1동
서구,둔산2동
서구,둔산3동
서구,괴정동
서구,가장동
서구,내동
서구,갈마1동
서구,갈마2동
서구,월평1동
서구,월평2동
서구,월평3동
서구,만년동
서구,가수원동
서구,도안동
서구,관저1동
서구,관저2동
서구,기성동
유성구,진잠동
유성구,학하동
유성구,원신흥동
유성구,상대동
유성구,온천1동
유성구,온천2동
유성구,노은1동
유성구,노은2동
유성구,노은3동
유성구,신성동
유성구,전민동
유성구,구즉동
유성구,관평동
대덕구,오정동
대덕구,대화동
대덕구,회덕동
대덕구,비래동
대덕구,송촌동
대덕구,중리동
대덕구,법1동
대덕구,법2동
대덕구,신탄진동
대덕구,석봉동
대덕구,덕암동
대덕구,목상동
